,弹幕
1,想要这开始的一段手机铃声
2,重新定义才疏学浅
3,选路遇，满工的话更能朗朗上耳
4,选更熟知的路遇，满工，不好吗
5,这个手手   摄影师好评
6,婷婷的眼睛在为大家讲故事！！！
7,她的眼睛在讲故事！！！
8,跨服聊天
9,跨服聊天
10,跨服聊天
11,单恋失恋！这唱的就是现在的我啊！
12,黄梅戏是以安庆方言为唱腔
13,欢迎来中国黄梅戏之乡——安徽省安庆市
14,《才疏学浅》
15,跨服聊天
16,安庆话太好听了！！！！！
17,安庆话太好听了！
18,才疏学浅？我直接好家伙
19,啊啊鸡皮疙瘩立刻出来了，想哭
20,我嵩哥:《才疏学浅》
21,三河，在我家乡拍的唉
22,朱老师眼睛.awsl
23,战术后仰
24,才疏学浅哈哈哈哈
25,眼神在线！！！！
26,前面的细节也很走心
27,《才疏学浅》
28,《才疏学浅》
29,有没有松鼠的妹妹一起谈恋爱啊
30,副歌是我高中三年的闹钟
31,我的青春。一晃过去了十几年
32,初中的时候就特别喜欢听许嵩汪苏泷徐良的歌
33,老凡尔赛了（狗头）
34,新瓶装老酒
35,渡口边最后一面洒下了句点
36,上春晚 上春晚 上春晚
37,猴哥，六六六
38,马伯骞也挺好的
39,多了一丝别离，少了一丝不舍，缺点感情，但很好听
40,前方核能！
41,姐姐眼神好温柔
42,姐姐你的耳饰挂耳机绳上了呀，可是还是很美啊。。。啊啊啊啊啊
43,嵩哥你挑眉，犯规了了啊
44,音乐一起，回忆涌上心头
45,一生痴绝处，无梦到徽州
46,我以前老把绝句听成蛐蛐
47,牛郎织女的故事回来了，织女这次来的现代
48,年轻人不讲武德 耗子尾汁
49,《才疏学浅vae》
50,如果当时
51,哇，这是我的青春啊，许嵩喂
52,好家伙，才疏学浅
53,工大校友︿(￣︶￣)︿
54,这一开口眼泪都要掉了
55,镜中衰颜已不复，一曲忽返少年时~~
56,黄梅戏太好听了
57,三河镇，三合音
58,三河镇，三合音
59,“民族的才是世界的，唱红歌最in”
60,这段话写得好
61,这声音太有辨识度了
62,其实戏腔音可以转调升高会好点
63,一举一动一颦一笑
64,朱老师的体态太好了
65,跨越十一年的合唱啊
66,这里liao音改l音，以前应该是为了压ao，现在是为了体现古今穿越，分割强调古代和现代感
67,我为你唱最后的古谣
68,天灰了，雨坠了
69,我们俩，用文言文对话真的很搞笑
70,谁的耳边，总有绝句在萦绕
71,你和我，曾经有共同爱好
72,我知道，爱要走难阻挠
73,又为什么，现在变得冷淡了
74,为什么，你当时对我好
75,❤️音乐纯粹，爱v绝对❤️
76,❤️音乐纯粹，爱v绝对❤️
77,❤️音乐纯粹，爱v绝对❤️
78,与你若只如初见，何须感伤离别。
79,与你若只如初见，何须感伤离别。
80,与你若只如初见，何须感伤离别。
81,与你若只如初见，何须感伤离别。
82,与你若只如初见，何须感伤离别。
83,与你若只如初见，何须感伤离别。
84,与你若只如初见，何须感伤离别。
85,与你若只如初见，何须感伤离别。
86,洒下了句点（洒下了～句点）
87,渡口边最后一面（最后一面～）
88,流转我心间（流转我心间）
89,回忆怎么潜（回忆～怎么潜～）
90,红雨瓢泼泛起了（红雨瓢泼～）
91,红雨瓢泼泛起了（红雨瓢泼）
92,与你若只如初见，何须感伤离别
93,你美目如当年，流转我心间
94,我为你唱最后的古谣（变调了）
95,天灰了 雨坠了
96,这里变调了！
97,前方核能三音轨请戴好耳机
98,真是秋波荡漾，心痒痒
99,佳人才子成双对，传统现代两相绝
100,这眉目流转我心间
101,朱老师笑了
102,弹琴的小哥哥也在唱
103,回忆大门打开了！！！
104,等一个高音和声
105,传统文化复兴啊
106,姐姐唱的好好听眼里有戏啊啊
107,卧槽，鸡皮疙瘩出来了
108,如你若只如初见。何须感伤离别
109,嵩哥的歌从我小学到大学快毕业，陪了好多届的人
110,顾盼生姿！顾盼神飞！顾盼生辉！
111,右下键盘小哥真全程跟唱
112,右下键盘小哥疯狂跟唱哈哈哈
113,键盘小哥疯狂跟唱
114,前面的各聊各的xswl
115,细节：右下角弹琴的小哥哥也在默唱~~
116,不是所有人都需要热热闹闹
117,各聊各的问题出在剪辑上
118,当时也还可追忆，但我现在过的很好
119,《才疏学浅》
120,许嵩：我只剩手了吗
121,嵩式凡尔赛
122,嵩哥勇敢飞
123,战术后仰！！！
124,第一次听到这歌的时候我才13岁
125,三河古镇满美的
126,三河古镇！今年马云也去了，越来越火了啊！
127,《才疏学浅》
128,这眼神绝了啊
129,他们眼睛好亮啊
130,原来十六岁已经过去了七年
131,朱老师举手投足间都是满满的优雅啊
132,姐姐眼神好到位 眉目传情
133,前方注入灵魂
134,我为你唱最后的古谣
135,此时感觉到你的重要
136,我只想说：古代女子有如此，难怪君王弃江山
137,其实合肥这个名字有两千多年历史了，庐州是后来的只有一千多年历史
138,合肥三河古镇～杨振宁教授的故乡
139,《才疏学浅》
140,啊啊啊，朱老师眼神太好了
141,老师眼神好温柔
142,这眼神，婷婷姐眼神的神啊
143,婷婷，我说小伙子你不讲武德
144,卧槽爷的青春啊啊啊啊啊
145,婷婷老师这眉目绝了，真“流转心间”
146,这和声很好啊
147,《才疏学浅》
148,传统音乐以点到为止
149,我安庆黄梅戏排面！！！
150,如果是个男的如此深情演唱黄梅戏部分就圆满了
151,不曾遗忘的符号就是你的音符
152,这一段现场不好配合应该用的是录音棚的声音，嘴型没对上
153,朱老师眼神真的绝了 太美了
154,嵩哥完全不抢风头
155,嵩哥说话真的很有水准，
156,现在三河古镇治理得真好
157,这是真的爷青回了，十年了呜呜呜
158,这首歌十来年了，我跟着嵩哥的脚步也十来年了。
159,当时听这首时候你还在心里 现在你就在身边
160,黄梅戏是安庆的！！！！
161,这回眸一笑！awsl
162,安庆严凤英故居旁边的人
163,我靠眼睛一下就热起来了
164,大学有黄梅戏选修课
165,这个版本完全超越原版的青涩，
166,这戏腔也太好听了吧
167,一共就六个剧种，不可能面面俱到
168,曲柔柔 风娇娇 魑魅魍 拿蛋醒
169,诶呦，韦小宝，你头发长好了
170,怀宁的来了，黄梅戏的发扬地和第二故乡
171,前方三重唱，三音轨准备，请带好耳机
172,那个天天被失恋的他回来了
173,洒下了句点
174,爷青回，准备
175,来了解来了
176,许嵩也没有当您唱法青涩了
177,前面那个说喜欢许嵩和faker的，我也一样，两个都是很认真的人
178,许嵩这里太帅了，声音很好听
179,三重唱，有三个音轨
180,当时和初恋分手。听了好多遍
181,这要赶超新华社的节奏呀
182,为什么你没变我却老了
183,官方版，终于来了
184,黄梅剧院哈哈
185,阿云竟然有B站号？？惊了
186,九江市湖口县
187,话筒只是在拍mv而已 应该是在录音棚唱的
188,这个赞直接就丢出去了
189,老师表情绝了
190,共同的爱好~
191,这眉目真的流转我心间
192,初中到工作两年，我依然还爱着你
193,董永故里是我家乡噢
194,你若成风里面也有
195,安庆人，从小听着黄梅戏长大
196,我又来了，，八戒常说人间好
197,现场看过戏曲大家的演出，用麦靠得近的话能把我震耳鸣。。。
198,多久没有提笔为你写一首诗
199,渡口边最后一面洒下了句点
200,来了来了 许老师排面！！
201,冬日有雪的夜晚，天生裹藏着浪漫
202,全身都起鸡皮疙瘩了
203,当初初一，现在已经大四马上毕业了，太太太熟悉了
204,这播放量眼见的速度增长
205,这是唱功，听听小桥流水，龚琳娜唱的，离着话筒三米
206,这个眼神。。终于知道什么是眉目传情，媚眼如丝了啊
207,为什么你当时对我好
208,第一次听的是时候高二，现在研究所毕业一年了，工作了
209,你还是你，他变了
210,声音依然清脆青春
211,红雨漂泊泛起了回忆怎么潜，这句简直了
212,啊，听着歌感觉又年轻了十年
213,副歌歌词简直无敌
214,头号小弟宣誓主权
215,鸡皮疙瘩瞬间起来太好听了
216,我擦播放量追上新华社
217,传统的艺术太好了
218,这个系列最喜欢这个
219,哇哇哇，我的当年，泪目啊!感觉还在，物是人非
220,淮北煤师院的河北邢台人报道
221,《探清水河》狗头保命
222,工大校友请留步
223,代入感很强，开始泪目了
224,是从安庆出去的
225,撒下了句点
226,我一直以为唱毒药给谁听
227,渡口边最后一面
228,重新定义才疏学浅
229,我不是安徽人，对你有很深的感情
230,我也叫婷婷，四舍五入我和许嵩一起看戏了
231,泛起了，回忆怎么潜
232,爷的青春又回来了
233,各聊各的真实
234,谁还相信爱情啊，不过是逝去的曾经
235,红雨瓢泼
236,我为你唱最后的古谣
237,第一次听真的被这个副歌惊艳到了。然后一直循环
238,张辽对合肥也有独特的感情
239,此时感觉到你的重要
240,在安庆读书还教过黄梅戏
241,哇，这开口跪啊
242,用文言文对话，真的很搞笑
243,总有绝句在萦绕
244,文言文对话………
245,B站视频里回家了，好几年没回，好开心
246,马伯骞  居然是你
247,听歌空降6:40 
248,三河古镇升5A都五六年了谢谢
249,不愧是专业的
250,你和我曾经有共同爱好
251,才疏学浅许山高！！！
252,老版如果当时伴奏
253,嵩哥，永远滴神
254,嵩哥  你怎么能这么有才
255,壳，你看我真不真
256,何须感伤离别
257,小姐姐太好看了吧
258,突然认真
259,亿人血书上春晚
260,仙女姐姐
261,黄梅戏起源于安徽省安庆市
262,黄梅戏用的是安庆话好吧？
263,我直接好家伙！才疏学浅？
264,专业就是专业，站旁边也浑身是戏
265,绝了绝了绝了绝了，焕发青春了
266,中国科学技术大学附属第一医院(安徽省立医院)
267,百万播放合影
268,这才是音乐人
269,曾小敏太美了
270,给个坐标，爷要空降
271,许嵩你跟伍升什么关系
272,马伯国
273,好久都没有这种和声的音乐了
274,马上要凡尔赛了
275,再来亿遍
276,哈哈哈哈上春晚
277,还是网易大大厉害啊
278,现在唱功提升很多了
279,感觉许嵩不敢跟他对眼啊
280,这个眼神把许嵩看愣了
281,哇，开口泪光了。
282,安庆正统来啦哈哈哈
283,红雨漂泊泛起了回忆怎么潜
284,红雨漂泊泛起了回忆怎么潜
285,爷青回
286,词，曲，编曲，制作人都是许嵩，一如既往
287,点到为止，耗子尾汁
288,来了来了
289,许你一生，嵩花不变
290,许嵩声音竟然是这样的
291,前方高能
292,摇头晃脑的小嵩嵩
293,眼里有光！！！！！！！！！！
294,Door♂dark♂魏
295,安徽三河古镇取了景！
296,想到了伏黛cp
297,姐姐眼神绝了
298,来了来了
299,爷青回！
300,老凡尔赛人了
301,正片开始
302,鸡皮疙瘩起来了
303,前方高能
304,范儿好足嗷嗷嗷嗷，好有感觉
305,马伯骞可以的，只是这个节目不适合。。。。
306,鸡皮疙瘩起来了
307,为救李朗离家园啊，，
308,音乐纯粹，爱V绝对
309,这就是我的青春啊
310,下一首，别带戏曲了
311,最后那段也太强了，好好听啊
312,这句很赞
313,我唱跳rap篮球不服
314,许嵩声音真的好好听
315,鸡皮疙瘩掉一地，眼泪流了下来
316,TT我爱了
317,太有感觉了 想哭！！！
318,突然想哭
319,突然想哭
320,安徽建筑大学老学长来了
321,才疏学浅 好家伙
322,反正不是我的我也不该要
323,❤️音乐纯粹，爱v绝对❤️
324,我，中科院，打钱
325,痛仰
326,我大嵊州越剧嘞
327,暂停看手
328,GAI!
329,我嵩最君子
330,这就是古典词之美
331,没当年的那个味儿了
332,一晃十几年过去了
333,这里改了调
334,归来仍是少年
335,许嵩
336,音乐纯粹，爱V绝对
337,手手手！！！
338,潜字用得太好了
339,朱老师好美啊
340,二胡排面
341,三河5A
342,许山高是黑粉用的
343,爷青回——
344,嵩哥不走娱乐圈
345,音乐纯粹 爱V绝对
346,字幕是vae细节了
347,三河古镇？
348,包河公园！！！
349,这个衬衫真好看
350,最强合唱又+1
351,春晚没有你们我不看
352,一个字：绝
353,青春回来了555555
354,才疏学浅哈哈哈
355,想回到过去
356,20岁听到12岁时的声音
357,这也太好听了！救命！！！
358,音乐纯粹，爱V绝对!
359,鸡皮疙瘩起来了！
360,我5年级同桌给我听的第一首你的歌就是这首，从此就爱上你了
361,Gaigai
362,鸡皮疙瘩全起来了
363,当时喜欢的第一首歌，可更多人喜欢别的
364,许嵩好温柔啊
365,我喜欢这样的歌手
366,这才是我们中国音乐
367,前方高能预警
368,安师大的来了
369,退出这个舞台！
370,韦小宝？？
371,手好好看
372,我要这币有何用
373,黄梅戏起源于湖北，辉煌于安徽
374,爷青回
375,他怎么没变样，从我初中开始我现在大学毕业了都
376,为啥要接韦小宝啊！挑挑剧本啊哥！
377,戏腔也太好听了
378,爷的青春回来了？
379,看得我好像又恋爱了 心脏砰砰砰
380,戏曲演员的功底真不是一般的厚
381,爷青回啊！！！！！！！！！！
382,三河古镇！！！
383,前面的兄弟真实
384,才疏学浅哈哈哈
385,六安人集合
386,前方高能，头皮发麻
387,TT
388,这是三河么？？
389,我想我初中了，回不去的初中...泪目...
390,为什么让我听这首歌。。。我想起了我校园时代。。。回不去的时代。。。
391,大家把毒打在公屏上
392,温柔！！
393,嵩哥大才啊
394,鸡皮疙瘩直接起来了
395,十年老粉不请自来
396,这看起来有一点像三河
397,鹿鼎记？？
398,安徽人狂喜
399,嵩哥改了词调，每次改都觉得比原版好，这就是完善年轻时候的不足吗
400,我以前一直以为是叫许hao
401,爷青也回了哈哈哈哈哈哈哈哈哈哈哈哈好
402,百万播放预订合影
403,爷青回爷青回
404,全集网易云看
405,痛仰乐队啊！
406,安庆的
407,小学的时光爷青回
408,徽派建筑真的是绝美！
409,熟悉的声音
410,三河排面
411,小宝？？是你吗？
412,啊啊啊啊啊啊啊爷回不去了
413,耶 马伯谦
414,阿伟反复去世
415,爷青回
416,安庆师范来了
417,老师好有气质啊啊
418,古筝小哥哥好帅
419,好听的要哭了(＞＜)
420,还记得和初恋在KTV唱这首
421,这和声真绝了！
422,全身鸡皮疙瘩
423,安医人，安医魂
424,这是七号公园吗？
425,爷青回爷青回
426,爷青回爷青回爷青回爷青回
427,爷青回爷青回
428,录歌肯定在录音棚录的啊，这就是拍个外景，不是真唱
429,爷青回
430,Jay
431,既是青春，也是当下
432,手手手。真的好看呀
433,鸡皮疙瘩起来了
434,这个BGM太出戏了
435,合肥是合肥，庐州不止包括合肥还有六安
436,这词真的太绝了
437,只喜欢许嵩
438,满满的回忆
439,？？
440,前面的，没唱错词，戏曲都有方言口音哦。比如何须是huo须
441,有一个才子叫许嵩
442,包公园清风阁
443,蜀山区报道哈哈哈哈哈
444,你要火了，，，官方！！
445,许嵩看到自己的歌被唱得这么好听，脸上好开心呀
446,30，大多数，一样
447,祖爷爷青回
448,冲啊超过新华社
449,谢锐韬
450,马保国字伯骞
451,也不知道王立广会不会看哔站
452,巢湖人巢湖魂
453,年轻人不讲武德
454,爷青回
455,啊啊啊啊爷青回了回了
456,爷青回了
457,许嵩感觉都没变化啊！
458,这个假音无敌了
459,这就是乡音吗？爱了爱了
460,声音爱辽爱辽了呀
461,爷青回，泪目
462,爷青回
463,爷青回！泪目
464,听这个时我才刚初中
465,头发多羡慕
466,感觉十几年了，许嵩一点也没变
467,听见嵩嵩的声音就觉得心动~
468,嵩嵩声音好好听~
469,那年，高一，玫瑰花的葬礼
470,姐姐好美，又美又甜
471,好熟悉的声音
472,秒回大学
473,你的歌也是我的青春，嵩哥加油
474,一听就是10年了
475,当年在高铁上向我推荐了一路许嵩的小哥哥在吗
476,这真是美目流转啊
477,爷青回
478,安庆人，很熟悉！
479,爷青回
480,这是我看你喜欢歌单里歌
481,我以为是毒药
482,杨振宁先生的故居
483,流转我心间
484,七仙女和董永
485,这是三河古镇吗
486,那是野鸭啊！不是鸳鸯
487,太强了
488,有了古典韵味！
489,逍遥津
490,逍遥津公园
491,结婚结婚你们俩
492,云村牛B！
493,这耳返不如许嵩的专业啊
494,许嵩的歌不收费，真的很值得粉丝喜欢
495,20岁的时候不喜欢他，现在30岁反而喜欢许嵩
496,GAI！！！！！绝了
497,还是许嵩说话好听阿
498,熟悉的声音啊啊啊啊啊啊啊
499,听歌空降6:40
500,不太懂为啥选天宫那唱段
501,回忆泛清波
502,好家伙  太好听了
503,爷青回啊啊啊啊啊啊
504,安庆话真的好听！
505,嵩哥你是我这辈子最爱的歌手，没有之一，爱你么么哒
506,我的青春啊
507,想起那年平安夜
508,爷青回!!!
509,我们一起说，许嵩没洗头
510,爷青回 爷青回
511,爷青回
512,爷青回！！！！
513,安庆
514,没有失去，我一直在
515,妈耶要哭了
516,十年了吧？
517,爷青回！！！
518,合肥三河古镇？
519,前方核能！
520,这在我家旁边啊
521,爷青回！！！！！！！！！
522,我的天！！头皮发麻
523,这一段的BGM是啥
524,我我我，好喜欢这个外套呀
525,又来一遍
526,意犹未尽
527,旭旭宝宝
528,我要这硬币有何用
529,我又回来了
530,我有现场照片！！
531,爷青回
532,这个小姐姐太好看了
533,爷青回
534,这曲的编曲和东山少爷的歌风格挺近的
535,才疏学浅许山高
536,童回
537,优雅永不过时！漂亮
538,卧槽我人傻了
539,声音有点甜
540,爷青回
541,哪里可以看这个节目啊
542,粤剧
543,vae  vae，安徽名医vae
544,现在还是vae啊
545,ohhhhhhhhhhhhhhhhhhhhhhhhhhhhhhhhhhhhhh
546,徽派建筑
547,许嵩的高级和声
548,爷青回 泪目
549,再来亿遍
550,风景太美了
551,许嵩才疏学浅，我也才疏学浅，所以我=许嵩（狗头）
552,真爷青回
553,来了
554,爷青回！！！！
555,爱走了，心走了
556,爱走了，心走了
557,爷青回
558,开口爷青回
559,三合杀我
560,右边有歌词，看不到吗
561,我又跳回来了
562,手！！！！
563,爷青回爷青回
564,键盘老V迷了
565,爷童回
566,点到为止
567,许嵩一出声 我就想哭
568,完美配合！
569,盛小云
570,卧槽，爷青回
571,想去看演唱会
572,想看演唱会
573,不行，为了许甜甜。我要三连。
574,哈哈
575,许嵩！！！vae
576,呜呜呜呜呜呜呜呜呜太帅了吧
577,许老师许老师
578,爷青回
579,声音真好听啊
580,来啦来啦
581,许嵩180cm
582,这个手我爱了
583,卧槽 我要哭了
584,起鸡皮疙瘩了
585,爷青回
586,爷亲回
587,爷青回
588,爷青回
589,如 字好评
590,三河古镇
591,哈哈哈哈
592,马兰，韩再芬
593,鸡皮疙瘩出来了
594,嵩哥太有才华了
595,2倍速，新世界
596,我没大意，但我依然没闪
597,爷青回，爷青回
598,这是三河啊
599,歌词君赛高！
600,黄梅戏是真好听
601,眼神太赞了 
602,爷青回
603,头皮发麻，好听！
604,爷青回爷青回
605,爷青回！！！
606,许嵩原来这么帅的吗
607,春晚预定！
608,呜呜呜呜呜从小学听到大学
609,卧槽 天作之合
610,最爱的一首歌
611,respect
612,难怪那么顺
613,1.25和1.5开启新世界
614,心跳加速的感觉
615,爷青回
616,都是安徽人
617,爷青回
618,包公园吗
619,开口脆！！！
620,我的青春没走，但这也是我的青春
621,一直起鸡皮疙瘩
622,桐城人hhhh
623,爷青回！！！
624,合肥挺漂亮的
625,歌词没唱错，部分字在安庆方言里就是这么发音的
626,爱了马上下载
627,爷青回
628,老许，爷青回
629,痛仰乐队！！！！
630,爷青回
631,回头见
632,十年了
633,爷青回
634,爷青回
635,合肥三河古镇
636,桐城路上 45中对面
637,我的天呐！！！
638,爷青回 绝了
639,爷青回
640,爷青回
641,鸡皮疙瘩都起来了
642,当年的故谣
643,感动
644,清风阁！！
645,可可爱爱
646,三河古镇
647,工大等我！
648,这是包公园吧
649,投了投了
650,啊啊啊啊爱了
651,爷青回
652,爷青回了
653,爷青回
654,佳能打钱
655,多合作一些可以吗？？！！！
656,当时初中，爱死这首歌了
657,卧槽太好听了
658,卧槽，，好好听
659,好久没有见过许嵩了
660,你是我的耗子尾汁
661,爷青回
662,我大嵩哥啥时候来b站啊
663,三连了
664,安徽人来了
665,巢湖人巢湖魂
666,瞬间鸡皮疙瘩
667,再来亿遍
668,朱老师好美
669,嵩哥！！！！！！！
670,黄梅人在此
671,爷青回！
672,眼里有光!!
673,合唱绝了
674,有多少人喜欢过气歌手这件衣服的？我查了2600一件
675,嵩哥挺白净的
676,爷青回
677,这不上春晚？
678,许嵩的歌很多都应该补个mv
679,哈哈哈，我大合肥抢徽州的称号
680,爷青回
681,如果当时
682,想象之中MV
683,爷青回！！
684,好妩媚
685,爷青回
686,原来长得那么帅
687,三河古镇
688,"凤阳人表示羡慕"
689,前方核能
690,爷青回！！
691,在杭州工作生活的安徽滁州人
692,VAE
693,爷青回！！！
694,爷青回
695,新华学院路过
696,我喜欢这个和声
697,眼神绝美
698,三河古镇吧！
699,【才疏学浅】 许嵩
700,爱走了，心走了
701,太有韵味了！
702,Vae叭，2333
703,张一山？
704,嵩哥好年轻啊
705,我们俩
706,老师真的绝
707,头皮发麻头皮发麻！！！
708,爷青回
709,我直呼好家伙
710,凡尔赛
711,嵩哥  嵩哥  嵩哥
712,爷青回啊啊啊啊
713,爱许嵩多年了啊啊啊
714,温柔嵩
715,爷青回
716,爷青回
717,爷青回
718,爷青回
719,才疏学浅许山高
720,1.5倍DJ版
721,爷青回
722,安庆桐城人
723,凡尔赛
724,才疏学浅是许嵩
725,爷青回！
726,爷青回！！！
727,宿松来了
728,爷青回
729,果然1.5倍听着舒服
730,绝了
731,卧槽！！！！
732,酥了
733,回忆杀
734,起源于鄂、皖、赣交界处，根本没有明确的地理界线，但是发展壮大一定是安徽，名字里带个黄梅就是黄梅的了？老婆饼里面有老婆吗？
735,三重唱
736,vae，唯爱你
737,啊！爷青回
738,爷童回
739,他俩有故事
740,姐姐太绝了！
741,老师也好美
742,08年的记忆。
743,安庆人在这里
744,省医
745,专业
746,这个   如  字爱了呀啊啊啊啊啊啊啊
747,许高老师好
748,爷青回
749,全体起立！
750,卧槽！awsl
751,爷青回
752,哇，金色传说
753,美到惊艳
754,都回来了
755,爷青回
756,爷又年少了！
757,爷童回
758,张一山耶
759,佳能常在
760,初中到大四
761,副歌部分真不错啊
762,我大概是12年开始听许嵩的
763,唱得好轻松！！！
764,想去看演唱会
765,爷青回    爷青回
766,才疏学浅许甜甜
767,才疏学浅许山高
768,想起了初恋
769,11岁到20岁！！嘤嘤嘤
770,三重唱
771,合肥三河古镇
772,合音爱了
773,爷青回
774,爷青回
775,起立！！
776,爷回青
777,才疏学浅许嵩
778,惊了
779,爷青回！！！
780,好牛好牛！
781,哇偶！
782,那时我才上小学啊，我现在上大学了都
783,爷青回
784,工大来了
785,流汗了，好美
786,必须三连
787,实属绝妙
788,见嵩进
789,小姐姐绝了
790,黄梅人报道
791,手！！！
792,韦小宝啊
793,眼里有星辰大海
794,我老家！我老家！
795,我跪了
796,爷青回
797,爷青回
798,脑瓜子嗡嗡的
799,才疏学浅许甜甜
800,中国风很舒服梦回2004
801,好可爱啊啊啊啊啊啊
802,122人发个话
803,牛壁痛仰
804,Vae
805,爷青回
806,爷青回
807,1.25倍的别走，给你加BUFF
808,爷青回
809,三段啊啊啊啊啊啊啊啊啊
810,我说婷婷
811,爷青回
812,爷青回
813,感谢空指部
814,许嵩一直都在
815,上头上头
816,青春啊青春啊
817,见嵩进
818,姐姐好美！！！
819,十二年了吧。。。青春啊
820,爷青回呜呜呜
821,韦小宝？？？
822,手真的好看
823,这一山?
824,爷青回
825,赞赞赞，十年老粉
826,曾经收藏许嵩的回不去了
827,蛐蛐在萦绕
828,爷青回
829,不是唱错词，是咬字发声的需要
830,这好好听啊！！！
831,爷青回啊啊啊啊啊
832,已经哭晕
833,爷青回
834,眼神太绝了
835,见嵩进
836,初二09年第一首断桥残雪 11年了
837,啊啊啊啊啊姐姐好喜欢！！！
838,哇⊙∀⊙！好好听！！！！
839,爷青回
840,爷青回！！！！
841,安徽医科大学校友
842,这是包公园吧
843,爷青回啊啊啊啊啊
844,嵩鼠来了
845,浑身一麻
846,三河古镇
847,表白野生字幕君
848,老师好好看啊啊啊啊啊啊啊啊
849,明日之子亚军
850,爷青回是什么意思？？
851,这就是我们中国的音乐
852,爷青回
853,这好像是三河古镇
854,我希望我三十岁时像嵩哥一样
855,太湖的在这
856,爷青回
857,1.25倍速开启新天地
858,才疏学浅许嵩
859,爷青回
860,怀宁人报道
861,爷青回
862,我说婷婷
863,爷青回！！！
864,马老师！
865,爷青回
866,爷青回！！！
867,爷青回
868,爱了爱了
869,老乡报到
870,爷青回
871,三河古镇
872,爷青回
873,爷青回
874,给我听哭了
875,确实 还有那味道
876,鸡皮疙瘩起了
877,再听已是曲中人
878,才疏学浅的许嵩
879,帅气
880,才疏学浅许嵩
881,听这歌的感觉真好
882,天籁之音
883,爷青回！！！！
884,美目鱼当年
885,又来了
886,十年
887,安徽人骄傲
888,头皮发麻太好听呐!
889,爷青回
890,6:40再来一遍
891,结婚了，和我
892,爷青回
893,哭了
894,爷青回
895,嵩哥！！！！！！！
896,爷青回
897,安庆师范大学前来报道！
898,థ౪థ太好听！
899,爷青回
900,爷青回
901,嗷嗷嗷
902,黄梅戏《》
903,姐姐太厉害了
904,FAKER是你吗？
905,好听
906,？？
907,爷青回
908,爷青回
909,爷青回！！
910,我是安徽的，安徽的戏曲就是好听
911,才疏学浅我嵩哥
912,喜欢苏州评弹
913,爷青回！！！
914,爷请回
915,剪辑问题。。。
916,爷青回！！！
917,最喜欢的一首歌，没有之一
918,爷青回
919,啊啊啊啊啊嵩哥
920,爷青回
921,凡尔赛
922,饿
923,爷青回
924,手好看
925,爷青回！！
926,西南民大20201124
927,枞阳的人在此
928,爷青回
929,伍声2009
930,泪目泪目
931,爷青回
932,爷青回
933,爷青回
934,儿青回
935,许嵩还是这么年轻
936,乱入？？？？？？？？？
937,爷青回
938,爷青回
939,羡慕发量
940,爷青回！
941,爷青回
942,怀宁+1
943,爷青回
944,爷青回
945,爷青回
946,我爱死了！我死了！
947,眼里有光
948,我说婷婷
949,大才子
950,来啦
951,爷青回
952,爷青回
953,再来亿遍
954,爷青回
955,爷青回
956,太好听了
957,马伯骞
958,许甜甜
959,我嵩依旧帅气
960,8000一件好像
961,爷青回
962,青回
963,爷青回
964,爷青回
965,好帅哦
966,nice
967,真的好听
968,高手过招？
969,国家队牛逼
970,妙啊
971,爷青回
972,安农大
973,爱了爱了
974,爷青回
975,爷青回
976,初中到现在，我对vae初心不变
977,戏曲
978,和声爱了
979,牛逼！！！！
980,爷青回
981,爷青回
982,爷青回
983,AVI
984,好听
985,安徽好评
986,传送6:40
987,专业
988,爷青回
989,卧槽
990,爷青回！
991,好家伙
992,许嵩都听呆了
993,清风阁
994,爷青回！
995,爷青回
996,爷青回
997,专业
998,哭泣
999,好久没听许嵩说话了
1000,爷青回啊啊啊啊
1001,bgm：水
1002,好听
1003,好听
1004,好听啊
1005,爷青回
1006,卧槽
1007,好应景
1008,他们站在三县桥上
1009,嵩和黄梅都是我大皖的文化符号
1010,爷青回
1011,哭了啊，嵩哥呜呜呜
1012,三河吗
1013,起鸡皮疙瘩了
1014,空降成功
1015,爷青回
1016,爷青回
1017,爷青回
1018,爱许嵩
1019,爷青回
1020,爷青回
1021,爷青回
1022,爷青回
1023,爷青回
1024,马伯骞
1025,爷青回
1026,awsl
1027,第二故乡
1028,蜗壳 再+1
1029,黄梅人前来报道
1030,没想到，我喜欢许嵩11年了。
1031,绝了
1032,爷青回！！！
1033,嵩哥！
1034,爷青回
1035,许嵩爱了，爷青回
1036,许嵩的歌真的很好听
1037,爷青回
1038,awsl
1039,爷青回
1040,厉害厉害厉害
1041,安徽—皖 ❤️
1042,爷青回
1043,鸡皮疙瘩！！
1044,爷青回
1045,听哭了
1046,好听
1047,好听
1048,我疯了  太好听了
1049,姐姐我爱了
1050,介叫少青音
1051,只要有许嵩，硬币大大的有，懂
1052,芜湖起飞
1053,十年了啊已经
1054,爷青回
1055,听说他是安徽医科大学的
1056,许甜甜我来啦
1057,爷青回
1058,爷青回
1059,爷青回
1060,针不戳
1061,到底是眉目还是眉日？
1062,爷青回
1063,爷青回
1064,爷青回
1065,爱了
1066,爷青回
1067,爷青回
1068,绝了
1069,好好听好好听！！！！！！！
1070,A U V
1071,爷青回
1072,我到现在KTV还点许嵩的歌
1073,爷青回
1074,好听惨了
1075,卧槽！！！！
1076,都是青春
1077,爷青回
1078,哭了
1079,真泪目
1080,爷青回
1081,爷青回
1082,爷青回
1083,才疏学浅许嵩
1084,爷青回？
1085,啊啊啊啊，许嵩
1086,爷青回！！！
1087,爷青回
1088,太好听啦
1089,太好听了
1090,爷青回
1091,awsl
1092,宿松有无
1093,爷青回
1094,爷青回
1095,爷青回
1096,马伯骞
1097,绝
1098,鸡皮疙瘩了
1099,我的青春啊
1100,@安徽医科大学
1101,言午山高
1102,姐青回
1103,哇！好好听
1104,爷哭了
1105,爷青回
1106,卧槽卧槽卧槽
1107,啊啊啊我的vvvv来啦来啦
1108,爷青结
1109,爱了
1110,爷青回
1111,爷青回
1112,太美了
1113,爷青回
1114,许嵩还是那么年轻
1115,啊啊啊，嵩哥
1116,这是爷的青春么
1117,给我听哭了!
1118,正片开始
1119,好听呀
1120,爷青回
1121,爷青回
1122,甜甜嵩
1123,爷青回
1124,安庆排面！安庆排面！！
1125,爷青回
1126,！！！！！！！！
1127,奶青回
1128,爷青回
1129,注入灵魂
1130,哭哭
1131,泪目啊！
1132,感动
1133,对不起盼盼
1134,三连
1135,爷青回
1136,爷青回
1137,棒棒哒
1138,爷青回
1139,爷青回
1140,许嵩还是那么帅
1141,姐姐好漂亮
1142,爷青回！
1143,初二到研一
1144,姐姐真是太美了
1145,爷青回
1146,爷青回
1147,爷青回
1148,好好听啊啊啊啊啊啊啊啊
1149,爷青回
1150,专业
1151,点赞
1152,爷青回
1153,爷青回
1154,潜山人来了
1155,好家伙
1156,爷青回！
1157,爷青回
1158,牛壁！！！！！
1159,00后报到了
1160,朱老师好棒
1161,好家伙
1162,啊啊啊啊爱了
1163,痛仰！！
1164,！！！
1165,爷青回
1166,石台的
1167,我也是安师大
1168,就是这么帅
1169,我的青春
1170,青回
1171,芜湖~
1172,爷青回
1173,姐青回
1174,婷婷
1175,安庆人在此
1176,喜欢喜欢
1177,爷青回
1178,初心不变
1179,爷青回
1180,爷青回
1181,桐城黄梅戏！
1182,牛逼
1183,身体发麻了
1184,许嵩……爱了
1185,1.5倍不一样的感觉
1186,许嵩这么年轻
1187,爷青回
1188,太好听了叭
1189,许三高！！
1190,爷青回
1191,爷青回
1192,酒深v5
1193,高能
1194,猪肉酒！猪肉酒！猪肉酒！
1195,爷青回
1196,仙气飘飘
1197,梦幻联动
1198,爷青回
1199,好听
1200,爷青回5555
1201,爷青回
1202,爷青回
1203,奶青回
1204,安医？
1205,梦回初中时代
1206,爷青回
1207,嵩哥
1208,爷青回
1209,爷青回
1210,许甜甜！！！！！！
1211,麻了
1212,太牛了
1213,爱了爱了
1214,宿州人
1215,Uae
1216,爷青回
1217,我跟了嵩哥也十来年了
1218,我青回！！
1219,是你！潮汐海灵！！
1220,爷青回
1221,爷青回
1222,爷青回
1223,太好听了
1224,合肥一中报道，和许嵩一个音乐老师嗷
1225,绿头鸭
1226,真的好听
1227,爷青回
1228,00子呢
1229,公路之歌
1230,！太好听了
1231,哭了哭了
1232,爷青回
1233,爷青回
1234,嵩嵩嵩嵩嵩嵩嵩嵩嵩嵩嵩哥
1235,爷青回
1236,爷青回
1237,哭晕过去
1238,绝了
1239,莫名泪目
1240,青回
1241,爷青回
1242,嵩哥排面！
1243,07-20年13年了吧
1244,安庆的来啦
1245,太好听了吧
1246,爷青回
1247,SUV
1248,啊啊啊嵩哥
1249,爷青回
1250,爷青回
1251,卧槽卧槽
1252,许song
1253,十几年了
1254,我又来了，，bak尼
1255,哎哟不错哦
1256,嵩嵩排面！！！
1257,yejqinhui
1258,青春啊
1259,女声好听
1260,OMG
1261,爷青回
1262,嵩哥好久不见
1263,爷青回
1264,好美啊
1265,爷青回
1266,我觉着配乐不太好
1267,爷青回
1268,紧张了 hhhh哈哈哈哈哈哈哈哈哈哈哈哈哈哈哈
1269,十年了
1270,爷青回
1271,嵩哥排面！
1272,就是为了这段
1273,惊艳！！！
1274,爷青回
1275,爷青回
1276,过分了啊
1277,我在安徽医科大学看
1278,我三河古镇！！！
1279,童年阿
1280,爷青回
1281,爷青回
1282,爷青回！
1283,太好听了
1284,爷青回
1285,牛牛牛！
1286,绝了！
1287,好听哭了
1288,安财前来报到
1289,啊嵩哥！！！
1290,爷青回
1291,十年了
1292,厉害
1293,爷青回
1294,威武大安徽
1295,爷青回
1296,嵩哥好帅啊
1297,VAE
1298,爷青回
1299,天哪许嵩！！！
1300,爷青回
1301,许嵩！！！
1302,许嵩爱了爱了
1303,回不去了
1304,川剧呢
1305,开口苏
1306,Uae
1307,许山高
1308,阿哈哈哈哈
1309,wocaowocao
1310,爷青回
1311,我说婷婷
1312,我说婷婷
1313,开口脆
1314,爷青回！
1315,！！！
1316,啊我死了！！！！！
1317,爱了
1318,回来了
1319,许嵩 永远支持你
1320,手好看哇
1321,姐姐绝了啊
1322,1.25倍太好听了吧
1323,爷青回
1324,痛仰！！
1325,爷青回
1326,好听
1327,哭了哭了
1328,好好听
1329,来了来了
1330,儿青回
1331,绝了
1332,爷青回
1333,啊啊啊啊我的眼泪
1334,叶青回
1335,我的青春
1336,如果当时
1337,爷青回
1338,爷青回
1339,爷青回
1340,awsl
1341,我在安徽建筑大学看20201124
1342,Uae
1343,爷青回
1344,青春
1345,爷青回
1346,爷青回
1347,爷青回
1348,爷青回
1349,强
1350,芜湖来了
1351,i了
1352,美目盼兮
1353,学长
1354,太好听了吧
1355,nice
1356,好听好听
1357,爷青回
1358,许嵩该剪头发了
1359,爷青回
1360,许嵩啊许嵩啊
1361,爷青回
1362,我们俩
1363,爷青回
1364,许嵩
1365,许嵩
1366,嵩
1367,嵩
1368,许嵩
1369,嵩
1370,爱了爱了
1371,上官瑞谦
1372,爷青回
1373,爷青回
1374,嵩嵩
1375,手好好看哦
1376,我说婷婷
1377,卡了嘛？
1378,爷青回
1379,牛逼
1380,wae
1381,爷青回
1382,婷 婷
1383,爷青回
1384,安徽六安报道！
1385,好听我去
1386,爷青回
1387,爷青回
1388,爷青回
1389,啊啊啊啊爷青回
1390,好妩媚啊
1391,安庆人来咯
1392,爷青回
1393,开头见
1394,爷青回
1395,爷青回
1396,清澈
1397,爷青回
1398,爷青回
1399,安徽骄傲
1400,许大老板
1401,爷青回
1402,爱了爱了
1403,倍速是真的666
1404,般配！
1405,婷婷啊
1406,见嵩进
1407,安庆人报道！
1408,好听
1409,爱了
1410,专业
1411,爷青回
1412,许三高！
1413,爷青回
1414,爷青回
1415,不允许白嫖
1416,爷青回啊
1417,爷青回
1418,爷青回
1419,阿吾
1420,我也是！！！
1421,浮庄！！！
1422,好喜欢这首
1423,爷青回
1424,爷青回
1425,爷青回
1426,爷青回
1427,专业专业
1428,爷青回
1429,爷青回
1430,哇我的我的啊
1431,爷青回
1432,嵩哥！
1433,牛逼
1434,爷青回
1435,还不结婚
1436,说的好好
1437,爷青回
1438,爷青回
1439,真有12年了
1440,马伯骞！
1441,你们在干啥呢
1442,爷青回
1443,爷青回
1444,爷青回
1445,许嵩一点都没变
1446,nice
1447,包河！！！
1448,爷青回
1449,爷青回!
1450,啊啊啊许甜甜
1451,爷青回
1452,爷青回
1453,我的青春啊
1454,爷青回
1455,爷轻回
1456,爷青回
1457,潜山报到
1458,爷回青
1459,爷青回
1460,飞科
1461,爷青回
1462,喜欢这版
1463,爷青回
1464,爷青回
1465,爷青回
1466,贺欣  我想你了
1467,嵩鼠来了
1468,潜山的飘过
1469,爷青回
1470,安医报道
1471,好好听啊
1472,呜呜呜 爷青回
1473,爷青回
1474,爷青回
1475,好听
1476,爷青回啊
1477,爷青回！
1478,爷青回！
1479,喜欢许嵩
1480,爷青回
1481,我真的！！！
1482,这谁啊
1483,这感觉
1484,爷青回，
1485,青回
1486,爷青回
1487,李冬雪，我想你了
1488,我爱欢子
1489,爷青回
1490,哇哇哇！！
1491,爷青回！
1492,合肥月光
1493,安徽牛
1494,听了想哭怎么办
1495,爷青回
1496,这也太好听了吧
1497,哥！！！！
1498,爱了呀
1499,爷青回
1500,awsl
1501,小嵩嵩？？
1502,阿伟
1503,爷青回
1504,挺好听的
1505,太好听了啊啊啊啊啊啊啊啊啊啊啊啊啊啊啊啊啊啊啊啊啊啊
1506,爷青回!!!!!!!!!!!!!!!!!!!!!!!!!!
1507,爷青回
1508,Awslffqs
1509,来了来了
1510,爷青回
1511,我的青春呀
1512,哭了
1513,真的好听啊
1514,不是vip？
1515,爷青回
1516,爷青回
1517,爷青回
1518,爷青回
1519,爷青回
1520,爷青回
1521,啊啊啊啊啊爱辽爱辽
1522,爱了爱了
1523,二倍速真有意思
1524,嵩哥
1525,我说婷婷
1526,爷青回
1527,哇哇哇哇
1528,安徽人狂喜
1529,十佳青年！
1530,爷青回
1531,awsl !!!!
1532,卧槽
1533,我说婷婷
1534,安徽排面
1535,啊我死了啊阿啊阿啊阿啊阿啊
1536,火钳刘明
1537,爷青回
1538,太喜欢许嵩啦！！
1539,卧槽
1540,豫剧
1541,爷青回
1542,爷青回
1543,许嵩
1544,来了我来了
1545,爷青回
1546,爷青回
1547,嵩哥帅死我了！！！！
1548,爷青回
1549,安徽宿州
1550,黄梅人牌面
1551,爷青回
1552,爷青回
1553,桐城+1
1554,绝了
1555,庐州月会不会更好
1556,许嵩结婚了吗？
1557,好听
1558,爷青回
1559,嵩哥
1560,来了
1561,赞赞赞
1562,我是黄梅人
1563,许嵩呀
1564,爷青回
1565,爷青回
1566,我的许嵩
1567,Vae 
1568,许嵩
1569,泪目
1570,嵩嵩
1571,嵩嵩我爱你
1572,嵩哥我来啦
1573,爷青回
1574,爷青回
1575,许嵩
1576,许嵩许嵩
1577,爷青回
1578,爷青回
1579,爷青回
1580,啊啊啊啊啊啊啊啊啊啊
1581,啊啊啊啊啊啊啊啊啊啊啊啊啊啊啊啊啊啊啊啊啊啊啊啊啊啊啊啊啊啊啊
1582,爱了爱了
1583,嵩哥啊啊啊啊
1584,婷婷
1585,真的好听哎
1586,绝了
1587,单曲循环
1588,好听  有泪光
1589,六安  金寨
1590,爷青回
1591,牛牛牛
1592,1.25倍
1593,绝了
1594,爷青回
1595,啊啊啊啊啊
1596,爷青回
1597,绝妙
1598,爷青回
1599,怎么过得这么快
1600,合肥月光
1601,我嵩哥
1602,爷青回
1603,爷青回
1604,爷青回
1605,真不错！
1606,话说许嵩也34岁惹
1607,排面
1608,来了
1609,许崇可是才子。。
1610,惊艳！
1611,爷青回
1612,爷青回
1613,婷婷
1614,爷青回
1615,嵩歌真好看
1616,爷青回
1617,太爽了
1618,泪目泪目
1619,姐姐太美了
1620,潜山加一
1621,高能
1622,爷青回
1623,没有滁州的么...
1624,起飞
1625,爷青回
1626,Vae
1627,优秀
1628,好好听
1629,爷青回
1630,爷青回
1631,爷青回
1632,梦回初中
1633,爷青回
1634,爷青回
1635,嵩哥
1636,爷青回
1637,爷青回
1638,爷青回
1639,爷青回
1640,没弹幕？
1641,6：40
1642,北京报道
1643,爷青回
1644,爷青回
1645,感谢指挥部
1646,爷青回
1647,Vcd
1648,卧槽
1649,爷青回
1650,爷青回
1651,爷青回
1652,啊，回忆
1653,许嵩太棒了
1654,太好听了
1655,爷青回
1656,真的强
1657,不知道你会不会看这个lmy
1658,我家乡呀
1659,爷青回
1660,faker？
1661,凑弹幕
1662,绝了
1663,爷青回
1664,排面！
1665,妈耶爱辽爱辽爱辽爱辽爱辽爱辽
1666,省立医院
1667,包公园
1668,嵩哥！
1669,爷青回
1670,啊啊啊啊啊
1671,李哥
1672,来了来了
1673,爷青回
1674,爷青回
1675,感谢指挥部
1676,见嵩进
1677,嵩哥嵩哥
1678,爷青回
1679,爷青回
1680,回到15岁
1681,爱了
1682,UAE
1683,爷青回
1684,嵩哥！
1685,牛啊
1686,嵩哥
1687,安徽老乡
1688,我爱了
1689,许嵩，许嵩我爱你
1690,潜山的
1691,咱老了，嵩哥
1692,穿越时空了
1693,曲中曲
1694,爷青回
1695,还是戏曲好听
1696,爷青回
1697,爷青回
1698,爷青回啊啊
1699,爷青回啊啊
1700,爷青回
1701,爷青回
1702,泪目了
1703,袜！！！
1704,我也觉得像09
1705,爷青回
1706,我是安徽阜阳人！
1707,爷青回
1708,嵩嵩嵩
1709,爷青回
1710,vae
1711,爷青回
1712,安徽排面
1713,爷青回
1714,OAE
1715,裂开了
1716,爷青回
1717,婷婷
1718,爷青回
1719,许嵩
1720,爷青回！
1721,泪目
1722,lll
1723,vae
1724,3666663
1725,泪目
1726,婷婷
1727,许嵩好帅啊啊啊啊啊啊啊啊
1728,66666
1729,yoyo
1730,许嵩许嵩许嵩许嵩许嵩许嵩
1731,许嵩许嵩许嵩许嵩许嵩许嵩许嵩许嵩许嵩许嵩
1732,爷青回
1733,爷青回
1734,我的嵩呀
1735,许甜甜
1736,Bar
1737,爷青回
1738,许山高
1739,卧槽！！
1740,牛逼
1741,14年了
1742,哇
1743,好听
1744,爷青回
1745,爷青回
1746,爷青回
1747,我爱婷婷
1748,前面的ehhhhhh 
1749,爱了爱了
1750,爱了
1751,爷青回
1752,我嵩
1753,嵩哥
1754,爷青回
1755,666
1756,爷青回
1757,开头见
1758,呜呜呜
1759,ace
1760,爷青回
1761,中国风
1762,女声好听
1763,我币没了
1764,爷青回
1765,爷青回
1766,哭了哭了
1767,爷青回！
1768,感谢指挥部
1769,爷青回
1770,嵩哥
1771,庐州人
1772,牛逼
1773,排面
1774,安徽排面
1775,真好听
1776,净赚爷泪
1777,泪目
1778,许嵩啊啊啊啊啊啊啊
1779,爷青回
1780,爷青回
1781,排面
1782,啊啊啊啊啊啊啊啊啊啊啊啊啊啊啊啊啊啊啊啊啊啊啊啊啊啊啊啊啊啊啊啊啊啊啊啊啊啊啊啊啊啊啊啊啊啊啊啊啊啊啊啊啊啊啊啊啊啊啊啊啊啊啊啊
1783,啊啊啊啊啊啊啊啊啊啊啊啊啊啊啊啊啊啊啊啊啊啊啊啊啊啊啊啊啊啊啊啊啊啊啊咋咋咋绝了 好喜欢这个
1784,专业！！？
1785,哇哇哇哇哇哇哇哇！
1786,哇
1787,好听
1788,09
1789,我也是！！
1790,我币没了
1791,婷婷好美
1792,婷婷！
1793,啊啊啊啊啊啊
1794,张恒我想你了
1795,啊啊啊啊啊啊啊啊，许嵩啊啊啊啊啊啊
1796,这谁呀？？？？？
1797,说啥呢哥
1798,爷青回
1799,安徽板面
1800,66666
