href,时长,名称,BV号,播放量,弹幕数,up主,up主id
https://www.bilibili.com/video/BV1fx411N7bU,13:48:47,【经典】周杰伦全MV 【195P】,BV1fx411N7bU,5161.9万,54.1万,Ta酱-Tatsu,1352611
https://www.bilibili.com/video/BV1iy4y1z7w1,18:28,【官方完整版】许嵩《如果当时2020》，6分40秒 一开口，直接泪目,BV1iy4y1z7w1,104.0万,7358,网易云音乐,607217518
https://www.bilibili.com/video/BV1Ax41147oH,3:40,【经典老歌】1993年春晚_歌曲《涛声依旧》-毛宁,BV1Ax41147oH,41.1万,957,风林火山一十七,73637180
https://www.bilibili.com/video/BV1u741117Ps,7:12,永恒不朽的经典《We are the world》，每次听都是震撼心灵的盛宴,BV1u741117Ps,1117.3万,2.6万,英文经典歌,519861690
https://www.bilibili.com/video/BV1aZ4y1H7CK,9:57,【4K】迈克尔·杰克逊《Beat it》1983 AI修复高清收藏版,BV1aZ4y1H7CK,221.5万,3820,KG-Area21,33114953
https://www.bilibili.com/video/BV1k44y1E7fi,8:14,【周杰伦】金曲联唱《给我一首歌的时间+我不配＋安静+轨迹》|2021TMEA,BV1k44y1E7fi,451.7万,3.8万,腾讯音乐娱乐集团,534957554
https://www.bilibili.com/video/BV1ox411r75w,3:45,【徐良】客官不可以,BV1ox411r75w,439.8万,3733,木吉他的夏天123,21603251


